,p_val,avg_logFC,pct.1,pct.2,p_val_adj,cluster,gene
Arg11,0,0.912774449543163,0.771,0.026,0,Pericentral (PC) hepatocytes(Liver),Arg1
Rgn1,0,0.906005913373484,0.788,0.029,0,Pericentral (PC) hepatocytes(Liver),Rgn
Cyp2e11,0,0.84953736314495,0.771,0.023,0,Pericentral (PC) hepatocytes(Liver),Cyp2e1
Uox1,0,0.809945620216484,0.763,0.026,0,Pericentral (PC) hepatocytes(Liver),Uox
Sult2a81,0,0.734425760596674,0.712,0.022,0,Pericentral (PC) hepatocytes(Liver),Sult2a8
Tdo21,0,0.695976373859576,0.712,0.021,0,Pericentral (PC) hepatocytes(Liver),Tdo2
Sult2a21,0,0.690110404153441,0.636,0.015,0,Pericentral (PC) hepatocytes(Liver),Sult2a2
Cth1,0,0.584665279944717,0.585,0.01,0,Pericentral (PC) hepatocytes(Liver),Cth
Car5a,0,0.434398786934085,0.492,0.004,0,Pericentral (PC) hepatocytes(Liver),Car5a
Akr1c61,2.53443931070814e-306,1.11838184933313,0.847,0.039,3.41490352724815e-302,Pericentral (PC) hepatocytes(Liver),Akr1c6
Cdo11,5.86519016746172e-303,1.14787989079264,0.915,0.049,7.90275723163792e-299,Pericentral (PC) hepatocytes(Liver),Cdo1
Otc1,8.86797497324329e-303,0.692289920138207,0.669,0.02,1.1948709478948e-298,Pericentral (PC) hepatocytes(Liver),Otc
Car31,1.49369587690638e-298,1.72667355019603,0.992,0.064,2.01260582454365e-294,Pericentral (PC) hepatocytes(Liver),Car3
Hmgcs21,7.90600615080021e-295,0.970184288882661,0.831,0.038,1.06525526875882e-290,Pericentral (PC) hepatocytes(Liver),Hmgcs2
Fbp11,9.72088511331969e-292,0.735443984744134,0.695,0.023,1.30979206016869e-287,Pericentral (PC) hepatocytes(Liver),Fbp1
Ndrg21,1.55733917488965e-289,0.774844751770925,0.746,0.029,2.09835880424631e-285,Pericentral (PC) hepatocytes(Liver),Ndrg2
Inmt1,8.48903901615458e-288,0.658758687117992,0.661,0.021,1.14381311703667e-283,Pericentral (PC) hepatocytes(Liver),Inmt
Urah1,2.68070368495975e-286,0.681233596120607,0.669,0.022,3.61198014511476e-282,Pericentral (PC) hepatocytes(Liver),Urah
Ttc361,3.8502032082733e-281,0.837159574867901,0.78,0.034,5.18776380282745e-277,Pericentral (PC) hepatocytes(Liver),Ttc36
Hacl11,4.6063537498795e-280,0.698738311441255,0.669,0.023,6.20660104258763e-276,Pericentral (PC) hepatocytes(Liver),Hacl1
Mat1a1,7.84267366782045e-276,1.151647956145,0.864,0.048,1.05672185000213e-271,Pericentral (PC) hepatocytes(Liver),Mat1a
Sec14l21,1.94539443336486e-275,0.499368609073022,0.542,0.012,2.62122445951581e-271,Pericentral (PC) hepatocytes(Liver),Sec14l2
Aldh1a11,1.58408709217419e-271,0.71905551719121,0.695,0.026,2.1343989479955e-267,Pericentral (PC) hepatocytes(Liver),Aldh1a1
Sult2a11,2.0114240570319e-270,0.737376619621347,0.627,0.02,2.71019277444478e-266,Pericentral (PC) hepatocytes(Liver),Sult2a1
Gsta32,1.38702646510397e-263,1.42438101829222,0.966,0.072,1.86887945908108e-259,Pericentral (PC) hepatocytes(Liver),Gsta3
Acaa1b1,5.88694180597556e-262,0.766554281008932,0.737,0.033,7.93206538937147e-258,Pericentral (PC) hepatocytes(Liver),Acaa1b
Hpd1,1.45649279363699e-259,1.33673256554234,0.958,0.071,1.96247839014648e-255,Pericentral (PC) hepatocytes(Liver),Hpd
Ttpa1,3.57931997333764e-255,0.488248058536829,0.534,0.014,4.82277573207513e-251,Pericentral (PC) hepatocytes(Liver),Ttpa
Bhmt1,7.83957965929636e-253,1.35697597911663,0.89,0.06,1.05630496329359e-248,Pericentral (PC) hepatocytes(Liver),Bhmt
Chchd102,1.26963765457039e-252,1.27857037173768,0.966,0.075,1.71070977576814e-248,Pericentral (PC) hepatocytes(Liver),Chchd10
Pah1,5.39631576782861e-252,0.561669296086477,0.542,0.015,7.27099586557227e-248,Pericentral (PC) hepatocytes(Liver),Pah
Fxyd11,2.36858147558922e-251,0.569090661329258,0.551,0.016,3.19142668020892e-247,Pericentral (PC) hepatocytes(Liver),Fxyd1
Fah1,2.38378987957941e-249,0.668082804417518,0.678,0.028,3.21191848374529e-245,Pericentral (PC) hepatocytes(Liver),Fah
Adk1,2.87378360505159e-248,0.606743476448505,0.678,0.028,3.87213602944651e-244,Pericentral (PC) hepatocytes(Liver),Adk
Pcbd11,3.51961265573981e-243,0.580048451873261,0.619,0.023,4.74232609234383e-239,Pericentral (PC) hepatocytes(Liver),Pcbd1
Ephx21,6.96461419859861e-235,0.51219286859376,0.517,0.015,9.38412117119177e-231,Pericentral (PC) hepatocytes(Liver),Ephx2
Akr1d1,8.59880607502843e-233,0.369866987152614,0.407,0.007,1.15860313054933e-228,Pericentral (PC) hepatocytes(Liver),Akr1d1
Glyat1,5.97523776759454e-227,0.544082018096161,0.542,0.018,8.05103536805689e-223,Pericentral (PC) hepatocytes(Liver),Glyat
Nrn1,4.11792866567591e-225,0.377048826959887,0.373,0.006,5.54849708413172e-221,Pericentral (PC) hepatocytes(Liver),Nrn1
Aldob1,1.46791058134912e-222,1.687847098182,0.983,0.097,1.97786271730981e-218,Pericentral (PC) hepatocytes(Liver),Aldob
Ass11,2.66330011574136e-222,1.29019387856521,0.881,0.07,3.5885305759499e-218,Pericentral (PC) hepatocytes(Liver),Ass1
Cbs1,4.64454399849163e-219,0.365724288477604,0.449,0.011,6.25805858356762e-215,Pericentral (PC) hepatocytes(Liver),Cbs
Cmbl,2.39389328314041e-211,0.432706327014778,0.441,0.011,3.22553180970339e-207,Pericentral (PC) hepatocytes(Liver),Cmbl
Gnmt1,2.46899598317297e-210,1.0290845665747,0.814,0.06,3.32672518772726e-206,Pericentral (PC) hepatocytes(Liver),Gnmt
Sord1,5.77673792794062e-210,0.958022723843385,0.856,0.067,7.78357668410719e-206,Pericentral (PC) hepatocytes(Liver),Sord
Adh11,1.32858777284798e-208,1.57782514541392,0.966,0.101,1.79013916513537e-204,Pericentral (PC) hepatocytes(Liver),Adh1
Agxt1,1.47248412911159e-206,0.508312913937463,0.517,0.018,1.98402511556495e-202,Pericentral (PC) hepatocytes(Liver),Agxt
Dpys1,2.69559658592194e-206,0.389862835899157,0.415,0.01,3.63204683987122e-202,Pericentral (PC) hepatocytes(Liver),Dpys
Hamp21,5.79402169321562e-206,0.691957091965157,0.593,0.027,7.80686482943873e-202,Pericentral (PC) hepatocytes(Liver),Hamp2
Wfdc211,7.13562235764141e-204,1.0188131757354,0.788,0.057,9.61453756468603e-200,Pericentral (PC) hepatocytes(Liver),Wfdc21
Hgd1,2.86711865763523e-202,0.471142224249712,0.483,0.016,3.86315567929771e-198,Pericentral (PC) hepatocytes(Liver),Hgd
Stard102,3.86959481930569e-201,0.675712195193515,0.636,0.033,5.21389205953249e-197,Pericentral (PC) hepatocytes(Liver),Stard10
Apoc41,4.91959370714121e-198,0.686646763965702,0.653,0.036,6.62866056100207e-194,Pericentral (PC) hepatocytes(Liver),Apoc4
Aldh1l11,8.66971859281521e-197,0.519790494130151,0.542,0.023,1.16815788319592e-192,Pericentral (PC) hepatocytes(Liver),Aldh1l1
Phyh1,6.14556977948477e-196,1.0732783982918,0.873,0.079,8.28054072087778e-192,Pericentral (PC) hepatocytes(Liver),Phyh
Selenbp11,9.51614623271864e-195,0.447121115122379,0.5,0.018,1.28220554339651e-190,Pericentral (PC) hepatocytes(Liver),Selenbp1
Maob,2.37353718054965e-193,0.317738406823425,0.331,0.005,3.1981039970726e-189,Pericentral (PC) hepatocytes(Liver),Maob
Crot1,1.52578848790616e-192,0.788773248616783,0.754,0.054,2.05584740860476e-188,Pericentral (PC) hepatocytes(Liver),Crot
Gstm11,5.58692065411837e-192,1.12096190970372,0.915,0.092,7.52781688935909e-188,Pericentral (PC) hepatocytes(Liver),Gstm1
Gstt11,5.97411991313083e-189,0.453338368099477,0.483,0.018,8.04952917095248e-185,Pericentral (PC) hepatocytes(Liver),Gstt1
Bdh1,1.12212303620834e-186,0.321777789896022,0.356,0.007,1.51194857898712e-182,Pericentral (PC) hepatocytes(Liver),Bdh1
Gstz11,2.4433263626188e-184,0.464306927643855,0.517,0.022,3.29213794099257e-180,Pericentral (PC) hepatocytes(Liver),Gstz1
Rbp41,3.19192807253709e-184,1.07699389654947,0.89,0.087,4.30080388493648e-180,Pericentral (PC) hepatocytes(Liver),Rbp4
Baat,2.77096340534712e-175,0.310199499476385,0.331,0.007,3.7335960923647e-171,Pericentral (PC) hepatocytes(Liver),Baat
Pxmp21,3.00150158835e-174,0.378890178085728,0.432,0.015,4.04422324014279e-170,Pericentral (PC) hepatocytes(Liver),Pxmp2
Pck11,7.60582917133047e-173,0.500797811372045,0.483,0.02,1.02480942254507e-168,Pericentral (PC) hepatocytes(Liver),Pck1
Serpina1a1,1.93484554448324e-172,1.36125817662428,0.949,0.118,2.60701088663671e-168,Pericentral (PC) hepatocytes(Liver),Serpina1a
Aldh1a7,1.14380700088772e-169,0.286352265489075,0.305,0.006,1.54116555299611e-165,Pericentral (PC) hepatocytes(Liver),Aldh1a7
Serpina1b1,1.72497542567861e-169,1.45119791418151,0.983,0.14,2.32423188855935e-165,Pericentral (PC) hepatocytes(Liver),Serpina1b
Ahcy1,1.34925033513268e-166,0.427848811725877,0.483,0.021,1.81797990155777e-162,Pericentral (PC) hepatocytes(Liver),Ahcy
Aldh8a1,2.61345523612913e-166,0.308816373391434,0.339,0.008,3.52136958516039e-162,Pericentral (PC) hepatocytes(Liver),Aldh8a1
Ddt1,7.84284476376839e-165,0.695218995514723,0.686,0.052,1.05674490347015e-160,Pericentral (PC) hepatocytes(Liver),Ddt
Pipox1,4.06340946307965e-161,0.304238236346802,0.305,0.006,5.47503791055352e-157,Pericentral (PC) hepatocytes(Liver),Pipox
Tat1,3.82368061981168e-159,0.354717507788225,0.356,0.01,5.15202726713425e-155,Pericentral (PC) hepatocytes(Liver),Tat
Acox11,4.39075490863712e-158,0.623355422668488,0.678,0.053,5.91610316389766e-154,Pericentral (PC) hepatocytes(Liver),Acox1
Cat1,1.90773818810536e-157,0.989083659759243,0.898,0.111,2.57048643465316e-153,Pericentral (PC) hepatocytes(Liver),Cat
Tkfc,1.96263859802067e-157,0.32016544358335,0.339,0.009,2.64445924697305e-153,Pericentral (PC) hepatocytes(Liver),Tkfc
Ang1,4.93769257407316e-156,0.455653810095618,0.449,0.02,6.65304697430617e-152,Pericentral (PC) hepatocytes(Liver),Ang
9030619P08Rik1,2.60308621859732e-155,0.349047644298987,0.347,0.01,3.50739837093803e-151,Pericentral (PC) hepatocytes(Liver),9030619P08Rik
Serpina1c1,2.01974127965987e-153,1.44948071340928,0.966,0.152,2.72139940021371e-149,Pericentral (PC) hepatocytes(Liver),Serpina1c
Fabp11,5.46401336831178e-153,2.02988262844755,1,0.181,7.3622116124633e-149,Pericentral (PC) hepatocytes(Liver),Fabp1
Cideb,8.62348015721676e-152,0.259786473775968,0.297,0.007,1.16192771638339e-147,Pericentral (PC) hepatocytes(Liver),Cideb
Gcdh1,4.07236198873046e-148,0.394197361456828,0.458,0.022,5.48710054361542e-144,Pericentral (PC) hepatocytes(Liver),Gcdh
Asgr11,4.53192268879783e-145,0.299634176648614,0.339,0.01,6.1063126308862e-141,Pericentral (PC) hepatocytes(Liver),Asgr1
Sephs21,1.50166314920377e-142,0.526793478799089,0.568,0.039,2.02334092723715e-138,Pericentral (PC) hepatocytes(Liver),Sephs2
Rida1,9.01817653337961e-142,0.548298951896675,0.525,0.033,1.21510910610757e-137,Pericentral (PC) hepatocytes(Liver),Rida
Upb1,2.08001105401794e-141,0.353939606590812,0.398,0.017,2.80260689418377e-137,Pericentral (PC) hepatocytes(Liver),Upb1
Agmat,2.40577256193582e-141,0.254888234626194,0.254,0.005,3.24153794995233e-137,Pericentral (PC) hepatocytes(Liver),Agmat
Acaa21,1.42342617981873e-139,0.653941464592487,0.703,0.067,1.91792443468776e-135,Pericentral (PC) hepatocytes(Liver),Acaa2
Nipsnap11,2.29405964517043e-136,0.324404985806927,0.331,0.011,3.09101596590263e-132,Pericentral (PC) hepatocytes(Liver),Nipsnap1
Gamt1,3.88123946659419e-136,0.429837139214914,0.458,0.025,5.22958205728901e-132,Pericentral (PC) hepatocytes(Liver),Gamt
Clpx1,1.04170251324883e-135,0.40335298915653,0.492,0.029,1.40358996635148e-131,Pericentral (PC) hepatocytes(Liver),Clpx
Haao1,2.15282556574512e-135,0.427349294439704,0.466,0.026,2.90071716728498e-131,Pericentral (PC) hepatocytes(Liver),Haao
Slc25a471,1.45001359169694e-134,0.352192543747331,0.347,0.013,1.95374831345245e-130,Pericentral (PC) hepatocytes(Liver),Slc25a47
0610005C13Rik,3.71577045315517e-132,0.252579831015713,0.28,0.007,5.00662910858128e-128,Pericentral (PC) hepatocytes(Liver),0610005C13Rik
Gc1,1.478900370563e-130,0.744035144110037,0.771,0.09,1.99267035929658e-126,Pericentral (PC) hepatocytes(Liver),Gc
Grhpr,3.61764804195351e-130,0.325406043023472,0.373,0.016,4.87441897172816e-126,Pericentral (PC) hepatocytes(Liver),Grhpr
Serpina1d1,7.32171044590649e-130,0.869185859158161,0.797,0.101,9.8652726548144e-126,Pericentral (PC) hepatocytes(Liver),Serpina1d
Acat31,7.54339466341347e-130,0.277465843507358,0.288,0.008,1.01639699694833e-125,Pericentral (PC) hepatocytes(Liver),Acat3
Dbi2,1.03515169422825e-129,1.37750817743043,0.992,0.215,1.39476339280315e-125,Pericentral (PC) hepatocytes(Liver),Dbi
Apoc31,5.8869626071859e-129,1.51541216577573,0.941,0.179,7.93209341692228e-125,Pericentral (PC) hepatocytes(Liver),Apoc3
Hagh1,1.08066640832167e-128,0.483564744248269,0.559,0.043,1.45608991857261e-124,Pericentral (PC) hepatocytes(Liver),Hagh
Scp21,2.0050121455323e-128,0.915005338759694,0.881,0.134,2.70155336489022e-124,Pericentral (PC) hepatocytes(Liver),Scp2
Fmo31,6.57911835223772e-127,0.285198197270968,0.263,0.007,8.8647040678051e-123,Pericentral (PC) hepatocytes(Liver),Fmo3
Ahsg1,6.92077753238057e-126,0.926918120275936,0.924,0.152,9.32505564712958e-122,Pericentral (PC) hepatocytes(Liver),Ahsg
Psen21,1.10322317143884e-124,0.60898556935277,0.619,0.057,1.48648290119669e-120,Pericentral (PC) hepatocytes(Liver),Psen2
Tst1,2.82442717255152e-121,0.382303528341384,0.364,0.017,3.80563317229592e-117,Pericentral (PC) hepatocytes(Liver),Tst
Qdpr1,5.63656532493596e-120,0.568919659982845,0.661,0.068,7.59470811881871e-116,Pericentral (PC) hepatocytes(Liver),Qdpr
Orm11,3.05594792950886e-118,0.374574460539864,0.398,0.022,4.11758424022023e-114,Pericentral (PC) hepatocytes(Liver),Orm1
Abhd14b,1.03469278387082e-116,0.313970631986413,0.339,0.015,1.39414505698754e-112,Pericentral (PC) hepatocytes(Liver),Abhd14b
Hmgcs11,4.23910636662293e-116,0.398745249979416,0.441,0.028,5.71177191838773e-112,Pericentral (PC) hepatocytes(Liver),Hmgcs1
Ttr2,6.17616791179237e-113,1.58327886800687,0.975,0.242,8.32176864434904e-109,Pericentral (PC) hepatocytes(Liver),Ttr
Mpc11,7.12986680606273e-113,0.436854361203702,0.534,0.045,9.60678253448893e-109,Pericentral (PC) hepatocytes(Liver),Mpc1
Apoa21,2.38986436794711e-112,1.74952648733968,0.992,0.269,3.22010324937194e-108,Pericentral (PC) hepatocytes(Liver),Apoa2
Acat1,4.98731262236064e-110,0.423044982705616,0.483,0.037,6.71990502736873e-106,Pericentral (PC) hepatocytes(Liver),Acat1
Mgst12,4.13745694692801e-108,0.78305097122492,0.72,0.096,5.5748094902908e-104,Pericentral (PC) hepatocytes(Liver),Mgst1
Hamp1,5.94078865555143e-106,0.428253249303518,0.381,0.023,8.00461863449e-102,Pericentral (PC) hepatocytes(Liver),Hamp
Serpina1e1,2.60124542705575e-104,0.948834297788979,0.542,0.054,3.50491808841492e-100,Pericentral (PC) hepatocytes(Liver),Serpina1e
Cyp2c501,7.37756439381153e-103,0.251743226920837,0.288,0.012,9.94053026422165e-99,Pericentral (PC) hepatocytes(Liver),Cyp2c50
Pecr,1.1684173960257e-102,0.323122937008903,0.339,0.018,1.57432559940503e-98,Pericentral (PC) hepatocytes(Liver),Pecr
Bphl1,4.48091476471401e-100,0.345074904830564,0.39,0.026,6.03758455397565e-96,Pericentral (PC) hepatocytes(Liver),Bphl
Apoc12,6.93415825563709e-100,1.51413000387042,0.983,0.289,9.34308483364541e-96,Pericentral (PC) hepatocytes(Liver),Apoc1
Atf5,2.37662804322022e-98,0.299415868535616,0.322,0.017,3.20226862543492e-94,Pericentral (PC) hepatocytes(Liver),Atf5
Cyb5a1,5.23374259474195e-98,1.12937393412707,0.941,0.253,7.0519447721553e-94,Pericentral (PC) hepatocytes(Liver),Cyb5a
Pcyt21,2.06269043223055e-97,0.352187243122387,0.415,0.03,2.77926908838744e-93,Pericentral (PC) hepatocytes(Liver),Pcyt2
Hrg1,2.7993284890322e-95,0.334215655343657,0.356,0.022,3.77181520612198e-91,Pericentral (PC) hepatocytes(Liver),Hrg
Scp2-ps21,6.63598211480071e-94,0.264646631756745,0.297,0.015,8.94132230148248e-90,Pericentral (PC) hepatocytes(Liver),Scp2-ps2
Rnase41,1.07641179810535e-93,0.401832542882364,0.483,0.044,1.45035725676715e-89,Pericentral (PC) hepatocytes(Liver),Rnase4
Alb1,5.37067211084774e-92,1.28162844987135,0.941,0.251,7.23644360215624e-88,Pericentral (PC) hepatocytes(Liver),Alb
Sult1a12,3.6010192560455e-89,0.63412399737802,0.653,0.093,4.8520133455957e-85,Pericentral (PC) hepatocytes(Liver),Sult1a1
Mpc21,6.42198237018521e-84,0.591770359205177,0.695,0.113,8.65297904558755e-80,Pericentral (PC) hepatocytes(Liver),Mpc2
Hadh1,1.20264665384323e-83,0.291007683560288,0.356,0.026,1.62044610138836e-79,Pericentral (PC) hepatocytes(Liver),Hadh
Etfa1,5.3645101180672e-82,0.457859805821434,0.517,0.06,7.22814093308374e-78,Pericentral (PC) hepatocytes(Liver),Etfa
Asl1,6.21418090686388e-80,0.348589308051513,0.39,0.033,8.37298735390839e-76,Pericentral (PC) hepatocytes(Liver),Asl
Gchfr1,1.70878113434761e-79,0.337175196680378,0.356,0.028,2.30241170041997e-75,Pericentral (PC) hepatocytes(Liver),Gchfr
Aldh7a11,3.00052878543046e-78,0.328118763927344,0.373,0.031,4.04291248548901e-74,Pericentral (PC) hepatocytes(Liver),Aldh7a1
Fmo1,1.20419029568019e-77,0.362063999261765,0.432,0.043,1.62252600439949e-73,Pericentral (PC) hepatocytes(Liver),Fmo1
Glo1,2.25312462541554e-77,0.2965118504768,0.381,0.033,3.0358601202849e-73,Pericentral (PC) hepatocytes(Liver),Glo1
Hist1h2bc1,3.61289302684553e-77,0.543288537364839,0.627,0.098,4.86801206437166e-73,Pericentral (PC) hepatocytes(Liver),Hist1h2bc
Nit2,6.00374929308202e-77,0.276624435772523,0.314,0.022,8.08945179749872e-73,Pericentral (PC) hepatocytes(Liver),Nit2
Decr1,1.53986950252315e-76,0.283684875240936,0.347,0.027,2.07482016769969e-72,Pericentral (PC) hepatocytes(Liver),Decr1
Mup31,3.85159554325344e-76,0.641803630526267,0.636,0.105,5.18963983497968e-72,Pericentral (PC) hepatocytes(Liver),Mup3
Hebp11,4.88558264970921e-76,0.513749720586667,0.551,0.076,6.58283406221819e-72,Pericentral (PC) hepatocytes(Liver),Hebp1
Acadm1,6.61504535419032e-73,0.379538451603579,0.415,0.043,8.91311211023604e-69,Pericentral (PC) hepatocytes(Liver),Acadm
Etfb1,1.0004879240256e-71,0.536111957295413,0.627,0.105,1.34805742883209e-67,Pericentral (PC) hepatocytes(Liver),Etfb
Eci11,1.80086274938808e-71,0.315763715115878,0.356,0.031,2.4264824685255e-67,Pericentral (PC) hepatocytes(Liver),Eci1
Chchd21,5.98216753446935e-69,0.75096330456652,0.78,0.184,8.06037253594401e-65,Pericentral (PC) hepatocytes(Liver),Chchd2
Iah1,1.7024603147187e-68,0.391994531403665,0.441,0.052,2.29389502805197e-64,Pericentral (PC) hepatocytes(Liver),Iah1
Lap3,8.68888196249905e-68,0.333853583366376,0.398,0.042,1.17073995562712e-63,Pericentral (PC) hepatocytes(Liver),Lap3
Abcd3,3.30538144672941e-67,0.268271901127673,0.305,0.024,4.45367096132321e-63,Pericentral (PC) hepatocytes(Liver),Abcd3
Fmo5,3.76192789333137e-67,0.257986882288254,0.246,0.015,5.06882164347468e-63,Pericentral (PC) hepatocytes(Liver),Fmo5
Ethe1,3.8010486909084e-67,0.310825433475296,0.373,0.037,5.12153300612998e-63,Pericentral (PC) hepatocytes(Liver),Ethe1
Apoa11,4.61038567474626e-67,0.859659420794694,0.831,0.227,6.21203365815312e-63,Pericentral (PC) hepatocytes(Liver),Apoa1
Cisd11,3.71922736281294e-66,0.363924646373248,0.415,0.047,5.01128694865416e-62,Pericentral (PC) hepatocytes(Liver),Cisd1
Acadvl1,4.58787210132396e-66,0.309930178267784,0.373,0.037,6.18169886932391e-62,Pericentral (PC) hepatocytes(Liver),Acadvl
Comt,3.43796855247874e-61,0.300565910083352,0.314,0.028,4.63231882760986e-57,Pericentral (PC) hepatocytes(Liver),Comt
Cald1,5.90316662374448e-61,0.284691398180331,0.331,0.032,7.95392670883332e-57,Pericentral (PC) hepatocytes(Liver),Cald1
Slc25a1,1.09456286158304e-60,0.260562745768891,0.297,0.025,1.47481399969698e-56,Pericentral (PC) hepatocytes(Liver),Slc25a1
Adh51,4.20569874423701e-60,0.436004559645116,0.517,0.082,5.66675848798494e-56,Pericentral (PC) hepatocytes(Liver),Adh5
Suclg1,9.5849345824125e-58,0.387610026877319,0.5,0.078,1.29147408563426e-53,Pericentral (PC) hepatocytes(Liver),Suclg1
Aldh21,1.06069952641095e-56,0.804836674316007,0.898,0.355,1.42918654188611e-52,Pericentral (PC) hepatocytes(Liver),Aldh2
Ech1,1.6697622717562e-56,0.416666466572156,0.5,0.081,2.2498376849643e-52,Pericentral (PC) hepatocytes(Liver),Ech1
Prdx6,3.67882019828932e-56,0.592597116384467,0.712,0.176,4.95684233517503e-52,Pericentral (PC) hepatocytes(Liver),Prdx6
Uqcrq1,5.00524150662991e-56,0.567851356763198,0.737,0.189,6.74406240603314e-52,Pericentral (PC) hepatocytes(Liver),Uqcrq
Echs1,3.14318076990997e-53,0.30673710304193,0.398,0.053,4.23512176937669e-49,Pericentral (PC) hepatocytes(Liver),Echs1
Dap1,3.14682109656111e-53,0.365754575599522,0.449,0.068,4.24002674550645e-49,Pericentral (PC) hepatocytes(Liver),Dap
Ccs1,3.31721065826943e-53,0.296093730200524,0.339,0.039,4.46960964095223e-49,Pericentral (PC) hepatocytes(Liver),Ccs
Gpx12,3.82362990692605e-53,0.972762153916999,0.924,0.359,5.15195893659216e-49,Pericentral (PC) hepatocytes(Liver),Gpx1
Ppa1,2.21189007581963e-52,0.301692222037522,0.314,0.034,2.98030068815937e-48,Pericentral (PC) hepatocytes(Liver),Ppa1
Mdh12,2.54361881116785e-52,0.593379610255475,0.653,0.157,3.42727198616756e-48,Pericentral (PC) hepatocytes(Liver),Mdh1
Ak3,4.24124280435623e-52,0.251006956784982,0.288,0.028,5.71465055458959e-48,Pericentral (PC) hepatocytes(Liver),Ak3
Prdx12,1.18068440917923e-46,0.8298020181561,0.831,0.317,1.5908541729281e-42,Pericentral (PC) hepatocytes(Liver),Prdx1
Aldh9a1,4.01661862855955e-45,0.310875486096417,0.373,0.055,5.41199194012113e-41,Pericentral (PC) hepatocytes(Liver),Aldh9a1
Uqcrfs1,2.07508153938059e-44,0.445694470192859,0.559,0.127,2.7959648661614e-40,Pericentral (PC) hepatocytes(Liver),Uqcrfs1
Trf1,3.01365968764227e-44,0.59200643318864,0.831,0.321,4.0606050631292e-40,Pericentral (PC) hepatocytes(Liver),Trf
Serpina3k1,9.83857753557168e-44,0.462178898731022,0.568,0.131,1.32564993714293e-39,Pericentral (PC) hepatocytes(Liver),Serpina3k
Ndufa42,5.66780467380334e-42,0.597807953199528,0.771,0.268,7.63680001748261e-38,Pericentral (PC) hepatocytes(Liver),Ndufa4
Glud11,3.77806810678222e-41,0.424939900900746,0.619,0.16,5.09056896707836e-37,Pericentral (PC) hepatocytes(Liver),Glud1
Apoh1,4.24572407804499e-41,0.296731416990653,0.39,0.064,5.72068862275783e-37,Pericentral (PC) hepatocytes(Liver),Apoh
Got2,2.64042216673697e-40,0.262453434866017,0.356,0.055,3.55770482746139e-36,Pericentral (PC) hepatocytes(Liver),Got2
Mocs2,1.17279519521458e-39,0.259088747700281,0.322,0.046,1.58022424603212e-35,Pericentral (PC) hepatocytes(Liver),Mocs2
Tuba4a,2.69365125673352e-39,0.261332581207096,0.331,0.049,3.62942570332275e-35,Pericentral (PC) hepatocytes(Liver),Tuba4a
Tmem2051,5.84207349095696e-38,0.28092446723246,0.356,0.058,7.87160982171541e-34,Pericentral (PC) hepatocytes(Liver),Tmem205
Atp5g11,8.47772008692943e-38,0.453837710955824,0.593,0.162,1.14228800451287e-33,Pericentral (PC) hepatocytes(Liver),Atp5g1
Hspd1,1.79487270330585e-37,0.328625109744978,0.458,0.095,2.41841148043431e-33,Pericentral (PC) hepatocytes(Liver),Hspd1
Msrb11,2.45394036068267e-37,0.50416107487337,0.653,0.205,3.30643924198384e-33,Pericentral (PC) hepatocytes(Liver),Msrb1
Fgb1,6.31988997637282e-36,0.294703769571485,0.398,0.076,8.51541975416473e-32,Pericentral (PC) hepatocytes(Liver),Fgb
Hmgcl,1.16918145493499e-35,0.250690908291483,0.331,0.053,1.57535509237941e-31,Pericentral (PC) hepatocytes(Liver),Hmgcl
Ndufa6,3.18685703915744e-35,0.429302610200844,0.61,0.176,4.29397117456073e-31,Pericentral (PC) hepatocytes(Liver),Ndufa6
Ndufb6,1.19176001228474e-32,0.326244489659732,0.475,0.114,1.60577744055245e-28,Pericentral (PC) hepatocytes(Liver),Ndufb6
Sod1,2.79253072347668e-32,0.503851439303628,0.771,0.324,3.76265589681248e-28,Pericentral (PC) hepatocytes(Liver),Sod1
Hint21,2.14373114257524e-31,0.252748837515704,0.322,0.057,2.88846334150588e-27,Pericentral (PC) hepatocytes(Liver),Hint2
Ptms,2.45711151861324e-31,0.355777192802998,0.517,0.14,3.31071206017948e-27,Pericentral (PC) hepatocytes(Liver),Ptms
Atp5j3,1.81829367498782e-30,0.490824145525258,0.695,0.278,2.44996889767858e-26,Pericentral (PC) hepatocytes(Liver),Atp5j
Atp5a1,5.40539771449368e-30,0.434667480443945,0.754,0.301,7.28323288050879e-26,Pericentral (PC) hepatocytes(Liver),Atp5a1
Chp11,4.05601556599412e-29,0.301243187454315,0.39,0.088,5.46507537362047e-25,Pericentral (PC) hepatocytes(Liver),Chp1
Mrpl15,6.73168216421269e-27,0.254785525677587,0.314,0.062,9.07026854806018e-23,Pericentral (PC) hepatocytes(Liver),Mrpl15
Slc25a391,1.02197470113223e-26,0.275223011808864,0.381,0.089,1.37700871230557e-22,Pericentral (PC) hepatocytes(Liver),Slc25a39
Lgals91,1.56692237263012e-26,0.385732495011235,0.551,0.181,2.11127120488182e-22,Pericentral (PC) hepatocytes(Liver),Lgals9
Pygl,8.91200182859738e-26,0.269619999023802,0.331,0.071,1.20080312638521e-21,Pericentral (PC) hepatocytes(Liver),Pygl
Atp5d,1.39198879279903e-25,0.374507366709117,0.627,0.231,1.87556569941741e-21,Pericentral (PC) hepatocytes(Liver),Atp5d
Tmem256,3.79188008861221e-25,0.298366670163702,0.449,0.125,5.1091792313961e-21,Pericentral (PC) hepatocytes(Liver),Tmem256
Ndufb91,4.73070851496871e-25,0.361263115901625,0.508,0.162,6.37415665306884e-21,Pericentral (PC) hepatocytes(Liver),Ndufb9
Sdha,2.6143024609357e-24,0.281223553513541,0.407,0.108,3.52251113586476e-20,Pericentral (PC) hepatocytes(Liver),Sdha
Atp5f11,7.25439995916222e-24,0.370451552962141,0.644,0.256,9.77457850497518e-20,Pericentral (PC) hepatocytes(Liver),Atp5f1
Cox6c1,2.43047465491915e-23,0.435601641576647,0.712,0.333,3.27482155003806e-19,Pericentral (PC) hepatocytes(Liver),Cox6c
Atp5b1,2.54538410242837e-23,0.425801428735177,0.72,0.337,3.42965053961198e-19,Pericentral (PC) hepatocytes(Liver),Atp5b
Rps27l,4.52413410052016e-22,0.360152189109458,0.585,0.227,6.09581828704087e-18,Pericentral (PC) hepatocytes(Liver),Rps27l
Atp5g3,5.71212647226636e-22,0.328892996694103,0.559,0.203,7.69651920873169e-18,Pericentral (PC) hepatocytes(Liver),Atp5g3
Cox7b,1.40357744943971e-21,0.38231982892413,0.619,0.262,1.89118025537506e-17,Pericentral (PC) hepatocytes(Liver),Cox7b
Cox6b1,2.00192866209321e-21,0.443823381189653,0.78,0.408,2.6973986793044e-17,Pericentral (PC) hepatocytes(Liver),Cox6b1
Sdhb,4.16173667201392e-21,0.275102075067271,0.373,0.103,5.60752399187155e-17,Pericentral (PC) hepatocytes(Liver),Sdhb
Aes,9.87866009733514e-21,0.306033615776947,0.458,0.151,1.33105066151494e-16,Pericentral (PC) hepatocytes(Liver),Aes
Gsto11,2.48238556961861e-20,0.300009381005386,0.398,0.12,3.34476631650411e-16,Pericentral (PC) hepatocytes(Liver),Gsto1
Tpi1,2.96194662184665e-20,0.270541280819117,0.432,0.136,3.99092687827617e-16,Pericentral (PC) hepatocytes(Liver),Tpi1
Atp5h,3.05381432562758e-20,0.331009820910844,0.678,0.302,4.1147094223506e-16,Pericentral (PC) hepatocytes(Liver),Atp5h
Uqcr10,3.23197020377851e-20,0.318531248427555,0.449,0.15,4.35475665257116e-16,Pericentral (PC) hepatocytes(Liver),Uqcr10
Cox7c,4.24914352290202e-20,0.343308049769157,0.542,0.21,5.72529598275818e-16,Pericentral (PC) hepatocytes(Liver),Cox7c
Uqcrb,7.70757191359479e-20,0.387620810699429,0.669,0.318,1.03851823963776e-15,Pericentral (PC) hepatocytes(Liver),Uqcrb
Atp5o,5.08856339685494e-19,0.310018520378977,0.517,0.195,6.85633032092235e-15,Pericentral (PC) hepatocytes(Liver),Atp5o
Atp5e,6.43173811079549e-18,0.331101520639733,0.568,0.242,8.66612393048584e-14,Pericentral (PC) hepatocytes(Liver),Atp5e
Atp5c11,1.18562130510741e-17,0.359897487885846,0.61,0.279,1.59750614650173e-13,Pericentral (PC) hepatocytes(Liver),Atp5c1
Mif,4.27281886574018e-17,0.301432169785029,0.508,0.204,5.75719613969832e-13,Pericentral (PC) hepatocytes(Liver),Mif
Cox4i12,1.01236702867724e-15,0.35418870361539,0.475,0.192,1.36406333443972e-11,Pericentral (PC) hepatocytes(Liver),Cox4i1
Cyb5r31,1.13055533946082e-15,0.252288974562044,0.373,0.126,1.52331026438951e-11,Pericentral (PC) hepatocytes(Liver),Cyb5r3
Cox7a2,4.6775531755643e-15,0.280249710533028,0.593,0.277,6.30253514875534e-11,Pericentral (PC) hepatocytes(Liver),Cox7a2
Ndufa21,5.01024850648492e-15,0.273281308663664,0.508,0.216,6.75080883763778e-11,Pericentral (PC) hepatocytes(Liver),Ndufa2
2010107E04Rik,1.1443395582469e-14,0.288908229296363,0.441,0.177,1.54188312078187e-10,Pericentral (PC) hepatocytes(Liver),2010107E04Rik
Uqcrh1,6.86644093461912e-14,0.272219517539198,0.585,0.278,9.2518425153058e-10,Pericentral (PC) hepatocytes(Liver),Uqcrh
Atp5j2,1.99176227440448e-13,0.28000777519358,0.5,0.223,2.68370048853259e-09,Pericentral (PC) hepatocytes(Liver),Atp5j2
Cox6a11,2.01974828081951e-12,0.280119022228292,0.661,0.374,2.72140883357621e-08,Pericentral (PC) hepatocytes(Liver),Cox6a1
Rpl36al1,3.13240159369236e-12,0.268326014335972,0.508,0.242,4.22059790734109e-08,Pericentral (PC) hepatocytes(Liver),Rpl36al
Psma7,5.53947258830013e-12,0.257338920106574,0.559,0.281,7.4638853654756e-08,Pericentral (PC) hepatocytes(Liver),Psma7
Slc25a5,7.37942385325667e-11,0.300576076021969,0.542,0.278,9.94303569987804e-07,Pericentral (PC) hepatocytes(Liver),Slc25a5
Cox8a1,9.88159788835319e-11,0.256815222791646,0.542,0.286,1.33144649947671e-06,Pericentral (PC) hepatocytes(Liver),Cox8a
Cox5a1,3.08417664162567e-10,0.257872012906102,0.737,0.459,4.15561960692643e-06,Pericentral (PC) hepatocytes(Liver),Cox5a
